sheet_product,in_stock_tab,in_product_list_tab,sheet_category,sheet_supplier,stock_par_qty,plist_qty,sheet_cost,sheet_cadence,sheet_stock_count,matched_db_key,db_display_name,db_subcategory,db_supplier,db_cost_gross,db_pack_size,db_par_packs,status,cost_basis,needs_confirming
"Jumbo T.Roll 2ply 2.25"" Core J26300 300m",Y,Y,Toiletries,Futures Supplies,24.0,4.0,17.52,6 pk/pm,27.0,toilet_rolls,Toilet Rolls,Main,Futures Supplies,21.02,6,5.5,matched,"sheet=net ex-VAT, DB=gross (x1.20)",
2ply Blue Embossed C/feed Roll 150m 96711,Y,Y,Gym Floor,Futures Supplies,30.0,5.0,11.31,6 pk/pm,20.0,blue_rolls,Blue Rolls,Main,Futures Supplies,13.57,6,5.4,matched,"sheet=net ex-VAT, DB=gross (x1.20)",
Greenspeed Techno Multi - Single 5L (Multi Surface Cleaner),Y,Y,Staff Room,Futures Supplies,2.0,2.0,14.23,,2.5,multipurpose_cleaner,Multipurpose Cleaner,Main,Futures Supplies,17.08,1,0.4,matched,"sheet=net ex-VAT, DB=gross (x1.20)",
Sea Kelp Liquid Hand Wash Refill 5L,Y,Y,Toiletries,Futures Supplies,2.0,2.0,29.12,1.0,0.0,hand_wash,Hand Wash,Main,Futures Supplies,34.94,1,0.8,matched,"sheet=net ex-VAT, DB=gross (x1.20)",
Sea Kelp Luxury Shampoo 5L Refill,Y,Y,Toiletries,Futures Supplies,2.0,2.0,29.12,1.0,1.0,,,,,,,,NEW,no DB price to compare,"note says ""no longer stock"" - retire instead of adding?"
Sea Kelp Luxury Conditioner Refill 5L,Y,Y,Toiletries,Futures Supplies,2.0,2.0,29.12,1.0,1.0,conditioner,Conditioner,Main,Futures Supplies,34.94,1,0.6,matched,"sheet=net ex-VAT, DB=gross (x1.20)",
Sea Kelp Luxury Hand & Body Lotion 5L Refill (Moisturiser),Y,Y,Toiletries,Futures Supplies,3.0,3.0,29.12,1.0,3.0,moisturiser,Moisturiser,Main,Futures Supplies,34.94,1,0.6,matched,"sheet=net ex-VAT, DB=gross (x1.20)",
Odyssey Black Pepper & Sandalwood Shampoo & Body Wash 5L,Y,Y,Toiletries,Out of Eden,6.0,6.0,18.89,7.0,3.0,shampoo,Shampoo & Body Wash,Main,Out of Eden,22.67,1,7,matched,"sheet=net ex-VAT, DB=gross (x1.20)",
First Aid Dressing 12x12cm,Y,Y,First Aid,Amazon?,8.0,8.0,,,,,,,,,,,NEW - first aid line item (replaces hs_refills kit),,
First Aid Dressing 18x18cm,Y,Y,First Aid,Amazon?,4.0,4.0,,,,,,,,,,,NEW - first aid line item (replaces hs_refills kit),,
Triangular Bandages,Y,Y,First Aid,Amazon?,8.0,8.0,,,,,,,,,,,NEW - first aid line item (replaces hs_refills kit),,
Safety Pins,Y,Y,First Aid,Amazon?,48.0,48.0,,,,,,,,,,,NEW - first aid line item (replaces hs_refills kit),,
Eye Pad Bandages,Y,Y,First Aid,Amazon?,8.0,8.0,,,,,,,,,,,NEW - first aid line item (replaces hs_refills kit),,
Washproof Plasters,Y,Y,First Aid,Amazon?,160.0,160.0,,,,blue_plasters,Blue Plasters,FOH Desk,Amazon,3.57,,1,matched,,"First Aid line vs DB FOH-Desk ""Blue Plasters"" - same item?"
Sterile Wipes,Y,Y,First Aid,Amazon?,80.0,80.0,,,,,,,,,,,NEW - first aid line item (replaces hs_refills kit),,
Waterproof Tape,Y,Y,First Aid,Amazon?,4.0,4.0,,,,,,,,,,,NEW - first aid line item (replaces hs_refills kit),,
Blue Gloves,Y,Y,First Aid,Amazon?,24.0,24.0,,,,,,,,,,,NEW - first aid line item (replaces hs_refills kit),,
Finger Dressing,Y,Y,First Aid,Amazon?,8.0,8.0,,,,,,,,,,,NEW - first aid line item (replaces hs_refills kit),,
Face Shield,Y,Y,First Aid,Amazon?,4.0,4.0,,,,,,,,,,,NEW - first aid line item (replaces hs_refills kit),,
Foil Blankets,Y,Y,First Aid,Amazon?,4.0,4.0,,,,,,,,,,,NEW - first aid line item (replaces hs_refills kit),,
Burn Dressing 10x10cm,Y,Y,First Aid,Amazon?,4.0,4.0,,,,,,,,,,,NEW - first aid line item (replaces hs_refills kit),,
Clothing Cutters,Y,Y,First Aid,Amazon?,4.0,4.0,,,,,,,,,,,NEW - first aid line item (replaces hs_refills kit),,
Conforming Bandages,Y,Y,First Aid,Amazon?,4.0,4.0,,,,,,,,,,,NEW - first aid line item (replaces hs_refills kit),,
Ice packs,Y,Y,First Aid,Amazon?,,,,,,ice_packs,Ice Packs,FOH Desk,Amazon,8.28,24,24,matched,,
Hair Bands,Y,Y,FOH Desk,Amazon?,1.0,1.0,3.99,1 p/m,0.0,hair_bands,Hair Bands,FOH Desk,Amazon,4.89,100,1,matched,CHANGED (DB/sheet=1.23),
Chalk Block,Y,Y,Gym Floor,Amazon,2.0,2.0,15.99,2 p/m,1.0,chalk_block,Chalk Block,Main,Amazon,13.32,8,2,matched,CHANGED (DB/sheet=0.83),
Puly Caffe Cleaner,Y,Y,Cafe,Amazon,2.0,2.0,21.47,2 p/m,0.5,puly_caffe_cleaner,Puly Caffe Cleaner,Main,Amazon,19.79,2,2,matched,CHANGED (DB/sheet=0.92),
Tampons,Y,Y,Toiletries,Amazon,64.0,64.0,17.28,?,4.0,tampons,Tampons,FOH Desk,Amazon,,,6,matched,no DB price to compare,
Sanitary Pads,Y,Y,Toiletries,Amazon,44.0,44.0,7.99,?,11.0,pads,Pads,FOH Desk,Amazon,28.76,44,6,matched,CHANGED (DB/sheet=3.60),
D Batteries (Ergs),Y,Y,FOH Desk,Amazon,8.0,8.0,15.99,8 p/m,5.0,d_batteries,D Batteries (Ergs),FOH Desk,Amazon,10.76,8,8,matched,CHANGED (DB/sheet=0.67),
Key Fobs,Y,Y,FOH Desk,,,,,,0.0,key_fobs,Key Fobs,FOH Desk,,,,1,matched,,
Blue cloth,Y,Y,Cafe,Amazon,6.0,6.0,11.98,1 p/m,0.0,blue_cloth,Blue Cloth,FOH Desk,Amazon,,,1,matched,no DB price to compare,
Chill Tubs Sanitiser,Y,Y,Toiletries,Concept Spa,20.0,20.0,15.0,,3.0,chill_tubs_sanitiser,Chill Tubs Sanitiser,Main,Concept Spa,15.0,20,3,matched,same,
Chill Tub Filters,Y,Y,Toiletries,Concept Spa,1.0,1.0,20.0,,10.0,chill_tub_filters,Chill Tub Filters,Main,Concept Spa,20.0,1,4,matched,same,
Wet kit bag,Y,Y,Toiletries,Newline,20.0,20.0,48.96,,3.0,wet_kit_bags,Wet Kit Bags,Main,Newline,48.96,20,0.5,matched,same,
Bin bags,Y,Y,Staff Room,Amazon,200.0,200.0,16.62,2 p/m,0.5,bin_bags,Bin Bags,Main,Amazon,16.62,200,2,matched,same,
Washing up liquid,Y,Y,Cafe,Amazon,1.0,1.0,11.87,,0.5,washing_up_liquid,Washing Up Liquid,Main,Amazon,12.46,1,1,matched,CHANGED (DB/sheet=1.05),
Water Softener Salt,Y,Y,Plant room,Halite,10.0,10.0,149.99,?,36.0,water_softener_salt,Water Softener Salt,Main,Halite,149.99,10,10,matched,same,
Urinal case,Y,Y,Toiletries,Amazon,,,,,0.0,urinal_shields,Urinal Shields,Main,Amazon,14.95,10,0.2,matched,,"""Urinal case"" vs DB ""Urinal Shields"" (x10) - same item?"
Blue Gloves Large,Y,Y,Staff Room,Amazon,,,3.41,2 p/m,0.0,blue_gloves_large,Blue Gloves Large,FOH Desk,Futures Supplies,3.41,100,2,matched,same,
Printer Ink - Black,Y,Y,FOH Desk,Amazon,1.0,,,1.0,1.0,printer_ink_blk,Printer Ink - Black,Printer,Cartridge People,224.9,1,1,matched,,
Printer Ink - Pink,Y,Y,FOH Desk,Amazon,1.0,,,1.0,1.0,printer_ink_pink,Printer Ink - Pink,Printer,Cartridge People,,1,1,matched,,
Printer Ink - Blue,Y,Y,FOH Desk,Amazon,1.0,,,1.0,1.0,printer_ink_blue,Printer Ink - Blue,Printer,Cartridge People,,1,1,matched,,
Printer Ink - Yellow,Y,Y,FOH Desk,Amazon,1.0,,,1.0,1.0,printer_ink_yellow,Printer Ink - Yellow,Printer,Cartridge People,,1,1,matched,,
Paper - printer,Y,Y,FOH Desk,Amazon,2.0,,,,0.5,,,,,,,,NEW,,
Deodorant - Men,Y,Y,Toiletries,,24.0,,,,0.0,sure_deodorant_men,Sure Deodorant - Men,Main,Amazon,8.75,6,1,matched,,
Deodorant - Women,Y,Y,Toiletries,,24.0,,,,0.0,sure_deodorant_women,Sure Deodorant - Women,Main,Amazon,8.7,6,1,matched,,
Glade airfreshner sparys,Y,Y,Toiletries,,,,,,3.0,glade_sprays,Glade Fragrance Sprays,Main,Amazon,13.4,4,1,matched,,
Microfibre Cloths,Y,Y,,Amazon,12.0,12.0,9.49,,,microfibre_cloths,Microfibre Cloths,Main,Amazon,9.49,12,1,matched,same,
Hand sanitiser,Y,Y,Toiletries,,,,,,1.0,sanitiser_gel,Sanitiser Gel,Main,Futures Supplies,17.62,1,2,matched,,"DB ""Sanitiser Gel"" 5L, Futures - sheet supplier blank, note says Oceanfree?"
Pens,Y,Y,FOH Desk,Amazon,,,,,12.0,,,,,,,,NEW,,
Highlighers,,Y,FOH Desk,,,,,,,,,,,,,,NEW,,
White board marker,,Y,FOH Desk,,,,,,,,,,,,,,NEW,,
Permamnent marker,,Y,FOH Desk,,,,,,,,,,,,,,NEW,,
Notepads,Y,Y,FOH Desk,Amazon,,,,,,,,,,,,,NEW,,
,,,,,,,,,,plastic_food_bags,Clear Plastic Food Bags,Cafe (HP Cupboard),Amazon,10.73,1000,1,DROPPED FROM SHEET,,no row in the new sheet - would be DEACTIVATED by syncProducts
,,,,,,,,,,hs_refills,Health & Safety / First Aid Kit,FOH Desk,Amazon,24.53,1,1,DROPPED FROM SHEET,,superseded by 15 individual First Aid lines
,,,,,,,,,,clinell_wipes,Clinell Universal Wipes,Main,Amazon,9.99,225,1,DROPPED FROM SHEET,,no row in the new sheet - would be DEACTIVATED by syncProducts
,,,,,,,,,,kleenex_tissues,Kleenex Tissues,Main,Amazon,12.0,12,1,DROPPED FROM SHEET,,no row in the new sheet - would be DEACTIVATED by syncProducts
,,,,,,,,,,dispenser_pumps,Pumps for Dispensers,Main,Futures Supplies,8.59,10,2,DROPPED FROM SHEET,,no row in the new sheet - would be DEACTIVATED by syncProducts
